writer,book,relation 
5e5aeb4a820126475cb09ccb,5e5aeadb820126475cb09cbf,author
5e5aeb4a820126475cb09ccb,5e5aeadb820126475cb09cc0,author
5e5aeb4a820126475cb09ccb,5e5aeadb820126475cb09cc1,author
5e5aeb4a820126475cb09ccb,5e5aeadb820126475cb09cc2,author
5e5aeb4a820126475cb09ccb,5e5aeadb820126475cb09cc3,author
5e5aeb4a820126475cb09ccb,5e5aeadb820126475cb09cc4,author
5e5aeb4a820126475cb09ccb,5e5aeadb820126475cb09cc5,author
5e5aeb4a820126475cb09ccb,5e5aeadb820126475cb09cc6,author
5e5aeb4a820126475cb09ccb,5e5aeadb820126475cb09cc7,author
5e5aeb4a820126475cb09ccb,5e5aeadb820126475cb09cc8,author
5e5aeb4a820126475cb09ccb,5e5aeadb820126475cb09cc9,author
5e5aeb4a820126475cb09ccc,5e5aeadb820126475cb09cc9,author
5e5aeb4a820126475cb09ccd,5e5aeadb820126475cb09cc9,author
5e5aeb4a820126475cb09ccb,5e5aeadb820126475cb09cca,author
